{
  "title": "Recipe Puppy",
  "version": 0.1,
  "href": "http://www.recipepuppy.com/",
  "results": [
    {
      "title": "Tim and Tracy's Chocolate Cake (Boiled)",
      "href": "http://www.recipezaar.com/Tim-and-Tracys-Chocolate-Cake-Boiled-259680",
      "ingredients": "baking soda, butter, cocoa powder, eggs, flour, sugar, water",
      "thumbnail": "http://img.recipepuppy.com/34464.jpg"
    },
    {
      "title": "Chocolate Chocolate Chocolate Butterscotch Chip Cookies Recipe",
      "href": "http://www.grouprecipes.com/50195/chocolate-chocolate-chocolate-butterscotch-chip-cookies.html",
      "ingredients": "cocoa powder, baking soda, brown sugar, butterscotch chips, eggs, flour, milk chocolate, salt, semisweet chocolate chips, sugar, vanilla extract",
      "thumbnail": "http://img.recipepuppy.com/231970.jpg"
    },
    {
      "title": "Chocolate Cake With Fruits Recipe",
      "href": "http://www.grouprecipes.com/43318/chocolate-cake-with-fruits.html",
      "ingredients": "baking powder, baking soda, chocolate cake, eggs, frosting, vanilla extract, vanilla extract, salt, salt",
      "thumbnail": "http://img.recipepuppy.com/304911.jpg"
    },
    {
      "title": "Chocolate Chip Cookies",
      "href": "http://www.recipezaar.com/Chocolate-Chip-Cookies-146432",
      "ingredients": "flour, baking soda, chocolate, eggs, brown sugar, corn syrup, nuts, salt, semisweet chocolate, butter, vanilla bean, sugar",
      "thumbnail": "http://img.recipepuppy.com/306284.jpg"
    },
    {
      "title": "Chocolate-Dipped Brownie Bites (Brownies)",
      "href": "http://www.recipezaar.com/Chocolate-Dipped-Brownie-Bites-Brownies-264833",
      "ingredients": "flour, baking soda, butter, eggs, chocolate, salt, semisweet chocolate chips, shortening, sugar, vanilla extract, water",
      "thumbnail": "http://img.recipepuppy.com/311066.jpg"
    },
    {
      "title": "Darn Good Chocolate Cake ( Cake Mix Cake)",
      "href": "http://www.recipezaar.com/Darn-Good-Chocolate-Cake-Cake-Mix-Cake-87205",
      "ingredients": "frosting, cake mix, eggs, chocolate pudding, sour cream, vegetable oil, water",
      "thumbnail": "http://img.recipepuppy.com/42112.jpg"
    },
    {
      "title": "Angelina?s Hot Chocolate",
      "href": "http://www.recipezaar.com/Angelinas-Hot-Chocolate-334398",
      "ingredients": "chocolate, water, milk, sugar, water, whipped cream",
      "thumbnail": "http://img.recipepuppy.com/62411.jpg"
    },
    {
      "title": "Chocolate Chip Oaties (Cookies)",
      "href": "http://www.recipezaar.com/Chocolate-Chip-Oaties-Cookies-212253",
      "ingredients": "flour, baking powder, butter, eggs, brown sugar, milk, rolled oat, semisweet chocolate chips, cocoa powder, vanilla extract",
      "thumbnail": "http://img.recipepuppy.com/306502.jpg"
    },
    {
      "title": "Chocolate Chocolate Chocolate Cashew Cookies (with Raisins)",
      "href": "http://www.recipezaar.com/Chocolate-Chocolate-Chocolate-Cashew-Cookies-with-Raisins-115515",
      "ingredients": "baking soda, brown sugar, butter, chocolate, eggs, flour, margarine, milk chocolate chips, raisins, salt, semisweet chocolate chips, sugar, cocoa powder, vanilla extract, white chocolate chips",
      "thumbnail": "http://img.recipepuppy.com/306822.jpg"
    },
    {
      "title": "Double Chocolate Cookies &amp; Mint Chocolate Variation",
      "href": "http://www.recipezaar.com/Double-Chocolate-Cookies-Mint-Chocolate-Variation-275188",
      "ingredients": "flour, cocoa powder, baking soda, butter, eggs, salt, semisweet chocolate chips, sugar, vanilla extract",
      "thumbnail": "http://img.recipepuppy.com/363913.jpg"
    }
  ]
}
